name,code,url,DRY.Maxi,STEAM.Maxi22 l/sec,AIR.Maxi,ADAPTIVE.Cooking,AIR.Plus,SMART.Preheating,Dry.Maxi45 m3/h,STEAM.Plus,AUTO.Soft,DRY.Plus,Air.Maxi250 km/h,DDC.Ai,STEAM.Maxi,DDC.App,STEAM.Maxi14 l/sec,DDC.Unox.com,CLIMALUX,AUTO.Matic,DDC.Stats,SENSE.Klean,EFFICENT.Power,analog_control,high_productivity,professional_use,hot_fridge,automatic_cycles,internet_connection,baking_frozen_products,designed_commercial,compact_oven,self_cleaning,price,type,panel,powersupply,width,depth,height,weight,trays,traysize,distancebetweentrays,voltage,electricpower,frequency,consumption
CHEFTOP MIND.Maps COUNTERTOP PLUS,XEVC-0311-EPRM,https://unox.com/en_fr/ovens/cheftop-mindmaps-plus-xevc-0311-eprm/,TRUE,FALSE,TRUE,TRUE,TRUE,TRUE,FALSE,TRUE,TRUE,TRUE,FALSE,TRUE,TRUE,TRUE,FALSE,TRUE,TRUE,TRUE,TRUE,TRUE,TRUE,FALSE,FALSE,FALSE,FALSE,TRUE,FALSE,FALSE,FALSE,FALSE,FALSE,4600.00,Commercial countertop combi ovens,"9.5"" Touch control panel",Electric,750.00,783.00,538.00,56.00,3.00,GN 1/1,67.00,380-415V 3N~ / 220-240V 3~ / 220-240V 1~,5.00,50 / 60 Hz,16.00
CHEFTOP MIND.Maps COUNTERTOP ONE,XEVC-0311-E1RM,https://unox.com/en_fr/ovens/cheftop-mindmaps-one-xevc-0311-e1rm/,FALSE,FALSE,FALSE,FALSE,FALSE,FALSE,FALSE,FALSE,FALSE,FALSE,FALSE,TRUE,FALSE,TRUE,FALSE,TRUE,FALSE,FALSE,TRUE,FALSE,FALSE,FALSE,FALSE,FALSE,FALSE,FALSE,FALSE,FALSE,FALSE,FALSE,FALSE,3900.00,Commercial countertop combi ovens,"9.5"" Touch control panel",Electric,750.00,783.00,538.00,54.00,3.00,GN 1/1,67.00,380-415V 3N~ / 220-240V 3~ / 220-240V 1N~,5.00,50 / 60 Hz,19.70
BAKERLUX SHOP.Pro MASTER,XEFR-03HS-EMRV,https://unox.com/en_fr/ovens/bakerlux-shoppro-master-xefr-03hs-emrv/,FALSE,FALSE,FALSE,TRUE,TRUE,TRUE,FALSE,TRUE,TRUE,TRUE,FALSE,FALSE,FALSE,TRUE,FALSE,TRUE,TRUE,TRUE,TRUE,FALSE,TRUE,FALSE,FALSE,FALSE,FALSE,FALSE,TRUE,FALSE,TRUE,FALSE,FALSE,2110.00,Commercial convection ovens with humidity,"7"" Touch control panel",Electric,600.00,669.00,427.00,36.00,3.00,460x330,75.00,220-240V 1~,3.00,50 / 60 Hz,3.50
BAKERLUX SHOP.Pro TOUCH,XEFR-03HS-ETDP,https://unox.com/en_fr/ovens/bakerlux-shoppro-touch-xefr-03hs-etdp/,FALSE,FALSE,FALSE,FALSE,TRUE,FALSE,FALSE,TRUE,FALSE,TRUE,FALSE,FALSE,FALSE,TRUE,FALSE,TRUE,FALSE,FALSE,TRUE,FALSE,FALSE,FALSE,FALSE,FALSE,FALSE,FALSE,FALSE,TRUE,FALSE,FALSE,FALSE,1560.00,Commercial convection ovens with humidity,"2.4"" Touch control panel",Electric,600.00,669.00,425.00,36.00,3.00,460x330,75.00,220-240V 1~,3.00,50 / 60 Hz,3.50
BAKERLUX SHOP.Pro TOUCH,XEFR-03HS-ETDV,https://unox.com/en_fr/ovens/bakerlux-shoppro-touch-xefr-03hs-etdv/,FALSE,FALSE,FALSE,FALSE,TRUE,FALSE,FALSE,TRUE,FALSE,TRUE,FALSE,FALSE,FALSE,TRUE,FALSE,TRUE,FALSE,FALSE,TRUE,FALSE,FALSE,FALSE,FALSE,FALSE,FALSE,FALSE,FALSE,TRUE,FALSE,FALSE,FALSE,1540.00,Commercial convection ovens with humidity,"2.4"" Touch control panel",Electric,600.00,669.00,425.00,36.00,3.00,460x330,75.00,220-240V 1~,3.00,50 / 60 Hz,3.50
BAKERLUX SHOP.Pro TOUCH,XEFR-03HS-ETRV,https://unox.com/en_fr/ovens/bakerlux-shoppro-touch-xefr-03hs-etrv/,FALSE,FALSE,FALSE,FALSE,TRUE,FALSE,FALSE,TRUE,FALSE,TRUE,FALSE,FALSE,FALSE,TRUE,FALSE,TRUE,FALSE,FALSE,TRUE,FALSE,FALSE,FALSE,FALSE,FALSE,FALSE,FALSE,FALSE,TRUE,FALSE,FALSE,FALSE,1830.00,Commercial convection ovens with humidity,"2.4"" Touch control panel",Electric,600.00,669.00,427.00,36.00,3.00,460x330,75.00,220-240V 1~,3.00,50 / 60 Hz,3.50
BAKERLUX SHOP.Pro LED,XEFR-03HS-ELDV,https://unox.com/en_fr/ovens/bakerlux-shoppro-led-xefr-03hs-eldv/,FALSE,FALSE,FALSE,FALSE,TRUE,FALSE,FALSE,TRUE,FALSE,TRUE,FALSE,FALSE,FALSE,FALSE,FALSE,FALSE,FALSE,FALSE,FALSE,FALSE,FALSE,FALSE,FALSE,FALSE,FALSE,FALSE,FALSE,FALSE,FALSE,FALSE,FALSE,1360.00,Commercial convection ovens with humidity,Control panel with 7-segment display,Electric,600.00,669.00,425.00,36.00,3.00,460x330,75.00,220-240V 1~,3.00,50 / 60 Hz,3.50
BAKERLUX SHOP.Pro LED,XEFR-03HS-ELDP,https://unox.com/en_fr/ovens/bakerlux-shoppro-led-xefr-03hs-eldp/,FALSE,FALSE,FALSE,FALSE,TRUE,FALSE,FALSE,TRUE,FALSE,TRUE,FALSE,FALSE,FALSE,FALSE,FALSE,FALSE,FALSE,FALSE,FALSE,FALSE,FALSE,FALSE,FALSE,FALSE,FALSE,FALSE,FALSE,FALSE,FALSE,FALSE,FALSE,1380.00,Commercial convection ovens with humidity,Control panel with 7-segment display,Electric,600.00,669.00,425.00,36.00,3.00,460x330,75.00,220-240V 1~,3.00,50 / 60 Hz,3.50
BAKERLUX SHOP.Pro GO,XEFR-03HS-EGDN,https://unox.com/en_fr/ovens/bakerlux-shoppro-go-xefr-03hs-egdn/,FALSE,FALSE,FALSE,FALSE,TRUE,FALSE,FALSE,FALSE,FALSE,TRUE,FALSE,FALSE,FALSE,FALSE,FALSE,FALSE,FALSE,FALSE,FALSE,FALSE,FALSE,FALSE,FALSE,FALSE,FALSE,FALSE,FALSE,FALSE,FALSE,FALSE,FALSE,1210.00,Commercial convection ovens,Control panel with 7-segment display,Electric,600.00,669.00,425.00,36.00,3.00,460x330,75.00,220-240V 1~,3.00,50 / 60 Hz,3.50
BAKERLUX SHOP.Pro MASTER,XEFR-03EU-EMRV,https://unox.com/en_fr/ovens/bakerlux-shoppro-master-xefr-03eu-emrv/,FALSE,FALSE,FALSE,TRUE,TRUE,TRUE,FALSE,TRUE,TRUE,TRUE,FALSE,FALSE,FALSE,TRUE,FALSE,TRUE,TRUE,TRUE,TRUE,FALSE,TRUE,FALSE,FALSE,FALSE,FALSE,FALSE,TRUE,FALSE,TRUE,FALSE,FALSE,2830.00,Commercial convection ovens with humidity,"7"" Touch control panel",Electric,800.00,811.00,427.00,46.00,3.00,600x400,75.00,220-240V 1~,3.50,50 / 60 Hz,6.40
BAKERLUX SHOP.Pro TOUCH,XEFR-03EU-ETDV,https://unox.com/en_fr/ovens/bakerlux-shoppro-touch-xefr-03eu-etdv/,FALSE,FALSE,FALSE,FALSE,TRUE,FALSE,FALSE,TRUE,FALSE,TRUE,FALSE,FALSE,FALSE,TRUE,FALSE,TRUE,FALSE,FALSE,TRUE,FALSE,FALSE,FALSE,FALSE,FALSE,FALSE,FALSE,FALSE,TRUE,FALSE,FALSE,FALSE,2110.00,Commercial convection ovens with humidity,"2.4"" Touch control panel",Electric,800.00,811.00,425.00,46.00,3.00,600x400,75.00,220-240V 1~,3.50,50 / 60 Hz,6.40
BAKERLUX SHOP.Pro TOUCH,XEFR-03EU-ETRV,https://unox.com/en_fr/ovens/bakerlux-shoppro-touch-xefr-03eu-etrv/,FALSE,FALSE,FALSE,FALSE,TRUE,FALSE,FALSE,TRUE,FALSE,TRUE,FALSE,FALSE,FALSE,FALSE,FALSE,FALSE,FALSE,FALSE,FALSE,FALSE,FALSE,FALSE,FALSE,FALSE,FALSE,FALSE,FALSE,TRUE,FALSE,FALSE,FALSE,2540.00,Commercial convection ovens with humidity,"2.4"" Touch control panel",Electric,800.00,811.00,427.00,46.00,3.00,600x400,75.00,220-240V 1~,3.50,50 / 60 Hz,6.40
BAKERLUX SHOP.Pro TOUCH,XEFR-03EU-ETDP,https://unox.com/en_fr/ovens/bakerlux-shoppro-touch-xefr-03eu-etdp/,FALSE,FALSE,FALSE,FALSE,TRUE,FALSE,FALSE,TRUE,FALSE,TRUE,FALSE,FALSE,FALSE,TRUE,FALSE,TRUE,FALSE,FALSE,TRUE,FALSE,FALSE,FALSE,FALSE,FALSE,FALSE,FALSE,FALSE,TRUE,FALSE,FALSE,FALSE,2130.00,Commercial convection ovens with humidity,"2.4"" Touch control panel",Electric,800.00,811.00,425.00,46.00,3.00,600x400,75.00,220-240V 1~,3.50,50 / 60 Hz,6.40
BAKERLUX SHOP.Pro LED,XEFR-03EU-ELDV,https://unox.com/en_fr/ovens/bakerlux-shoppro-led-xefr-03eu-eldv/,FALSE,FALSE,FALSE,FALSE,TRUE,FALSE,FALSE,TRUE,FALSE,TRUE,FALSE,FALSE,FALSE,FALSE,FALSE,FALSE,FALSE,FALSE,FALSE,FALSE,FALSE,FALSE,FALSE,FALSE,FALSE,FALSE,FALSE,FALSE,FALSE,FALSE,FALSE,1930.00,Commercial convection ovens with humidity,Control panel with 7-segment display,Electric,800.00,811.00,425.00,46.00,3.00,600x400,75.00,220-240V 1~,3.50,50 / 60 Hz,6.40
BAKERLUX SHOP.Pro LED,XEFR-03EU-ELDP,https://unox.com/en_fr/ovens/bakerlux-shoppro-led-xefr-03eu-eldp/,FALSE,FALSE,FALSE,FALSE,TRUE,FALSE,FALSE,TRUE,FALSE,TRUE,FALSE,FALSE,FALSE,FALSE,FALSE,FALSE,FALSE,FALSE,FALSE,FALSE,FALSE,FALSE,FALSE,FALSE,FALSE,FALSE,FALSE,FALSE,FALSE,FALSE,FALSE,1950.00,Commercial convection ovens with humidity,Control panel with 7-segment display,Electric,800.00,811.00,425.00,46.00,3.00,600x400,75.00,220-240V 1~,3.50,50 / 60 Hz,6.40
BAKERLUX SHOP.Pro GO,XEFR-03EU-EGDN,https://unox.com/en_fr/ovens/bakerlux-shoppro-go-xefr-03eu-egdn/,FALSE,FALSE,FALSE,FALSE,TRUE,FALSE,FALSE,FALSE,FALSE,TRUE,FALSE,FALSE,FALSE,FALSE,FALSE,FALSE,FALSE,FALSE,FALSE,FALSE,FALSE,FALSE,FALSE,FALSE,FALSE,FALSE,FALSE,FALSE,FALSE,FALSE,FALSE,1800.00,Commercial convection ovens,Control panel with 7-segment display,Electric,800.00,811.00,425.00,46.00,3.00,600x400,75.00,220-240V 1~,3.50,50 / 60 Hz,6.40
SPEED.Pro,XESR-03HS-EDDN,https://unox.com/en_fr/ovens/speedpro-xesr-03hs-eddn/,FALSE,FALSE,FALSE,FALSE,FALSE,FALSE,FALSE,FALSE,FALSE,FALSE,FALSE,TRUE,FALSE,TRUE,FALSE,TRUE,FALSE,FALSE,TRUE,FALSE,FALSE,FALSE,FALSE,FALSE,FALSE,FALSE,FALSE,FALSE,FALSE,FALSE,FALSE,7600.00,Commercial baking speed ovens,"6"" Touch control panel",Electric,600.00,797.00,541.00,89.00,3.00,460x330,75.00,380-415VV 3N~ / 220-240VV 3~ / 220-240VV 1N~,6.60,50 Hz,15.90
SPEED.Pro,XESR-03HS-MDDN,https://unox.com/en_fr/ovens/speedpro-xesr-03hs-mddn/,FALSE,FALSE,FALSE,FALSE,FALSE,FALSE,FALSE,FALSE,FALSE,FALSE,FALSE,TRUE,FALSE,TRUE,FALSE,TRUE,FALSE,FALSE,TRUE,FALSE,FALSE,FALSE,FALSE,FALSE,FALSE,FALSE,FALSE,FALSE,FALSE,FALSE,FALSE,7600.00,Commercial baking speed ovens,"6"" Touch control panel",Electric,600.00,797.00,541.00,89.00,3.00,460x330,75.00,220-240V 1N~,3.60,50 Hz,15.90
BAKERLUX & LINEMISS MANUAL,XFT113,https://unox.com/en_fr/ovens/bakerlux-linemiss-manual-xft113/,FALSE,FALSE,FALSE,FALSE,FALSE,FALSE,FALSE,FALSE,FALSE,FALSE,FALSE,FALSE,FALSE,FALSE,FALSE,FALSE,FALSE,FALSE,FALSE,FALSE,FALSE,FALSE,TRUE,TRUE,FALSE,FALSE,FALSE,FALSE,FALSE,FALSE,FALSE,950.00,Commercial convection ovens with humidity,Knob,Electric,600.00,655.00,429.00,25.00,3.00,460x330,75.00,220-240V 1~,3.00,50 / 60 Hz,
BAKERLUX & LINEMISS MANUAL,XFT183,https://unox.com/en_fr/ovens/bakerlux-linemiss-manual-xft183/,FALSE,FALSE,FALSE,FALSE,FALSE,FALSE,FALSE,FALSE,FALSE,FALSE,FALSE,FALSE,FALSE,FALSE,FALSE,FALSE,FALSE,FALSE,FALSE,FALSE,FALSE,FALSE,TRUE,TRUE,FALSE,FALSE,FALSE,FALSE,FALSE,FALSE,FALSE,1410.00,Commercial convection ovens with humidity,Knob,Electric,800.00,774.00,429.00,40.00,3.00,600x400,75.00,220-240V 1~,3.30,50 / 60 Hz,
LINEMICRO MANUAL,XF003,https://unox.com/en_fr/ovens/linemicro-manual-xf003/,FALSE,FALSE,FALSE,FALSE,FALSE,FALSE,FALSE,FALSE,FALSE,FALSE,FALSE,FALSE,FALSE,FALSE,FALSE,FALSE,FALSE,FALSE,FALSE,FALSE,FALSE,FALSE,FALSE,FALSE,FALSE,FALSE,FALSE,FALSE,FALSE,TRUE,FALSE,650.00,Commercial convection ovens,Knob,Electric,480.00,523.00,402.00,16.00,3.00,342x242,70.00,220-240V 1~,2.70,50 / 60 Hz,
LINEMICRO MANUAL,XF013,https://unox.com/en_fr/ovens/linemicro-manual-xf013/,FALSE,FALSE,FALSE,FALSE,FALSE,FALSE,FALSE,FALSE,FALSE,FALSE,FALSE,FALSE,FALSE,FALSE,FALSE,FALSE,FALSE,FALSE,FALSE,FALSE,FALSE,FALSE,FALSE,FALSE,FALSE,FALSE,FALSE,FALSE,FALSE,TRUE,FALSE,700.00,Commercial convection ovens,Knob,Electric,600.00,587.00,402.00,20.00,3.00,460x330,70.00,220-240V 1~,2.70,50 / 60 Hz,
LINEMICRO MANUAL,XF033,https://unox.com/en_fr/ovens/linemicro-manual-xf033/,FALSE,FALSE,FALSE,FALSE,FALSE,FALSE,FALSE,FALSE,FALSE,FALSE,FALSE,FALSE,FALSE,FALSE,FALSE,FALSE,FALSE,FALSE,FALSE,FALSE,FALSE,FALSE,FALSE,FALSE,FALSE,FALSE,FALSE,FALSE,FALSE,TRUE,FALSE,1320.00,Commercial convection ovens,Knob,Electric,800.00,707.00,472.00,44.00,3.00,600x400,90.00,220-240V 1~,3.20,50 / 60 Hz,
BAKERTOP MIND.Maps COUNTERTOP PLUS,XEBC-04EU-EPRM,https://unox.com/en_fr/ovens/bakertop-mindmaps-plus-xebc-04eu-eprm/,TRUE,FALSE,TRUE,TRUE,TRUE,TRUE,FALSE,TRUE,TRUE,TRUE,FALSE,TRUE,TRUE,TRUE,FALSE,TRUE,TRUE,TRUE,TRUE,TRUE,TRUE,FALSE,FALSE,FALSE,FALSE,FALSE,FALSE,FALSE,FALSE,FALSE,TRUE,5700.00,Commercial countertop combi ovens,"9.5"" Touch control panel",Electric,860.00,967.00,675.00,95.00,4.00,600x400,80.00,380-415V 3N~ / 220-240V 3~ / 220-240V 1~,10.60,50 / 60 Hz,13.40
BAKERTOP MIND.Maps COUNTERTOP ONE,XEBC-04EU-E1RM,https://unox.com/en_fr/ovens/bakertop-mindmaps-one-xebc-04eu-e1rm/,TRUE,FALSE,TRUE,FALSE,TRUE,FALSE,FALSE,TRUE,FALSE,TRUE,FALSE,TRUE,TRUE,TRUE,FALSE,TRUE,TRUE,FALSE,TRUE,FALSE,TRUE,FALSE,FALSE,FALSE,FALSE,FALSE,FALSE,FALSE,FALSE,FALSE,FALSE,4700.00,Commercial countertop combi ovens,"9.5"" Touch control panel",Electric,860.00,967.00,675.00,90.00,4.00,600x400,80.00,380-415V 3N~ / 220-240V 3~ / 220-240V 1N~,7.40,50 / 60 Hz,14.50
BAKERLUX SHOP.Pro MASTER,XEFR-04HS-EMRV,https://unox.com/en_fr/ovens/bakerlux-shoppro-master-xefr-04hs-emrv/,FALSE,FALSE,FALSE,TRUE,TRUE,TRUE,FALSE,TRUE,TRUE,TRUE,FALSE,FALSE,FALSE,TRUE,FALSE,TRUE,TRUE,TRUE,TRUE,FALSE,TRUE,FALSE,FALSE,FALSE,FALSE,FALSE,TRUE,FALSE,TRUE,FALSE,FALSE,2360.00,Commercial convection ovens with humidity,"7"" Touch control panel",Electric,600.00,669.00,502.00,39.00,4.00,460x330,75.00,220-240V 1~,3.50,50 / 60 Hz,6.60
BAKERLUX SHOP.Pro TOUCH,XEFR-04HS-ETRV,https://unox.com/en_fr/ovens/bakerlux-shoppro-touch-xefr-04hs-etrv/,FALSE,FALSE,FALSE,FALSE,TRUE,FALSE,FALSE,TRUE,FALSE,TRUE,FALSE,FALSE,FALSE,TRUE,FALSE,TRUE,FALSE,FALSE,TRUE,FALSE,FALSE,FALSE,FALSE,FALSE,FALSE,FALSE,FALSE,TRUE,FALSE,FALSE,FALSE,2050.00,Commercial convection ovens with humidity,"2.4"" Touch control panel",Electric,600.00,669.00,502.00,39.00,4.00,460x330,75.00,220-240V 1~,3.50,50 / 60 Hz,6.60
BAKERLUX SHOP.Pro TOUCH,XEFR-04HS-ETDP,https://unox.com/en_fr/ovens/bakerlux-shoppro-touch-xefr-04hs-etdp/,FALSE,FALSE,FALSE,FALSE,TRUE,FALSE,FALSE,TRUE,FALSE,TRUE,FALSE,FALSE,FALSE,TRUE,FALSE,TRUE,FALSE,FALSE,TRUE,FALSE,FALSE,FALSE,FALSE,FALSE,FALSE,FALSE,FALSE,TRUE,FALSE,FALSE,FALSE,1720.00,Commercial convection ovens with humidity,"2.4"" Touch control panel",Electric,600.00,669.00,500.00,39.00,4.00,460x330,75.00,220-240V 1~,3.50,50 / 60 Hz,6.60
BAKERLUX SHOP.Pro TOUCH,XEFR-04HS-ETDV,https://unox.com/en_fr/ovens/bakerlux-shoppro-touch-xefr-04hs-etdv/,FALSE,FALSE,FALSE,FALSE,TRUE,FALSE,FALSE,TRUE,FALSE,TRUE,FALSE,FALSE,FALSE,TRUE,FALSE,TRUE,FALSE,FALSE,TRUE,FALSE,FALSE,FALSE,FALSE,FALSE,FALSE,FALSE,FALSE,TRUE,FALSE,FALSE,FALSE,1700.00,Commercial convection ovens with humidity,"2.4"" Touch control panel",Electric,600.00,669.00,500.00,39.00,4.00,460x330,75.00,220-240V 1~,3.50,50 / 60 Hz,6.60
BAKERLUX SHOP.Pro LED,XEFR-04HS-ELDP,https://unox.com/en_fr/ovens/bakerlux-shoppro-led-xefr-04hs-eldp/,FALSE,FALSE,FALSE,FALSE,TRUE,FALSE,FALSE,TRUE,FALSE,TRUE,FALSE,FALSE,FALSE,FALSE,FALSE,FALSE,FALSE,FALSE,FALSE,FALSE,FALSE,FALSE,FALSE,FALSE,FALSE,FALSE,FALSE,FALSE,FALSE,FALSE,FALSE,1540.00,Commercial convection ovens with humidity,Control panel with 7-segment display,Electric,600.00,669.00,500.00,39.00,4.00,460x330,75.00,220-240V 1~,3.50,50 / 60 Hz,6.60
BAKERLUX SHOP.Pro LED,XEFR-04HS-ELDV,https://unox.com/en_fr/ovens/bakerlux-shoppro-led-xefr-04hs-eldv/,FALSE,FALSE,FALSE,FALSE,TRUE,FALSE,FALSE,TRUE,FALSE,TRUE,FALSE,FALSE,FALSE,FALSE,FALSE,FALSE,FALSE,FALSE,FALSE,FALSE,FALSE,FALSE,FALSE,FALSE,FALSE,FALSE,FALSE,FALSE,FALSE,FALSE,FALSE,1520.00,Commercial convection ovens with humidity,Control panel with 7-segment display,Electric,600.00,669.00,500.00,39.00,4.00,460x330,75.00,220-240V 1~,3.50,50 / 60 Hz,6.60
BAKERLUX SHOP.Pro GO,XEFR-04HS-EGDN,https://unox.com/en_fr/ovens/bakerlux-shoppro-go-xefr-04hs-egdn/,FALSE,FALSE,FALSE,FALSE,TRUE,FALSE,FALSE,FALSE,FALSE,TRUE,FALSE,FALSE,FALSE,FALSE,FALSE,FALSE,FALSE,FALSE,FALSE,FALSE,FALSE,FALSE,FALSE,FALSE,FALSE,FALSE,FALSE,FALSE,FALSE,FALSE,FALSE,1310.00,Commercial convection ovens,Control panel with 7-segment display,Electric,600.00,669.00,500.00,39.00,4.00,460x330,75.00,220-240V 1~,3.50,50 / 60 Hz,6.60
BAKERLUX SHOP.Pro MASTER,XEFR-04EU-EMRV,https://unox.com/en_fr/ovens/bakerlux-shoppro-master-xefr-04eu-emrv/,FALSE,FALSE,FALSE,TRUE,TRUE,TRUE,FALSE,TRUE,TRUE,TRUE,FALSE,FALSE,FALSE,TRUE,FALSE,TRUE,TRUE,TRUE,TRUE,FALSE,TRUE,FALSE,FALSE,FALSE,FALSE,FALSE,TRUE,FALSE,TRUE,FALSE,FALSE,3550.00,Commercial convection ovens with humidity,"7"" Touch control panel",Electric,800.00,811.00,502.00,57.00,4.00,600x400,75.00,380-415V 3N~ / 220-240V 3~ / 220-240V 1~,6.90,50 / 60 Hz,7.90
BAKERLUX SHOP.Pro TOUCH,XEFR-04EU-ETRV,https://unox.com/en_fr/ovens/bakerlux-shoppro-touch-xefr-04eu-etrv/,FALSE,FALSE,FALSE,FALSE,TRUE,FALSE,FALSE,TRUE,FALSE,TRUE,FALSE,FALSE,FALSE,TRUE,FALSE,TRUE,FALSE,FALSE,TRUE,FALSE,FALSE,FALSE,FALSE,FALSE,FALSE,FALSE,FALSE,TRUE,FALSE,FALSE,FALSE,3190.00,Commercial convection ovens with humidity,"2.4"" Touch control panel",Electric,800.00,811.00,502.00,57.00,4.00,600x400,75.00,380-415V 3N~ / 220-240V 3~ / 220-240V 1~,6.90,50 / 60 Hz,7.90
BAKERLUX SHOP.Pro TOUCH,XEFR-04EU-ETDP,https://unox.com/en_fr/ovens/bakerlux-shoppro-touch-xefr-04eu-etdp/,FALSE,FALSE,FALSE,FALSE,TRUE,FALSE,FALSE,TRUE,FALSE,TRUE,FALSE,FALSE,FALSE,TRUE,FALSE,TRUE,FALSE,FALSE,TRUE,FALSE,FALSE,FALSE,FALSE,FALSE,FALSE,FALSE,FALSE,TRUE,FALSE,FALSE,FALSE,2670.00,Commercial convection ovens with humidity,"2.4"" Touch control panel",Electric,800.00,811.00,500.00,57.00,4.00,600x400,75.00,380-415V 3N~ / 220-240V 3~ / 220-240V 1~,6.90,50 / 60 Hz,7.90
BAKERLUX SHOP.Pro TOUCH,XEFR-04EU-ETDV,https://unox.com/en_fr/ovens/bakerlux-shoppro-touch-xefr-04eu-etdv/,FALSE,FALSE,FALSE,FALSE,TRUE,FALSE,FALSE,TRUE,FALSE,TRUE,FALSE,FALSE,FALSE,TRUE,FALSE,TRUE,FALSE,FALSE,TRUE,FALSE,FALSE,FALSE,FALSE,FALSE,FALSE,FALSE,FALSE,TRUE,FALSE,FALSE,FALSE,2650.00,Commercial convection ovens with humidity,"2.4"" Touch control panel",Electric,800.00,811.00,500.00,57.00,4.00,600x400,75.00,380-415V 3N~ / 220-240V 3~ / 220-240V 1~,6.90,50 / 60 Hz,7.90
BAKERLUX SHOP.Pro LED,XEFR-04EU-ELDP,https://unox.com/en_fr/ovens/bakerlux-shoppro-led-xefr-04eu-eldp/,FALSE,FALSE,FALSE,FALSE,TRUE,FALSE,FALSE,TRUE,FALSE,TRUE,FALSE,FALSE,FALSE,FALSE,FALSE,FALSE,FALSE,FALSE,FALSE,FALSE,FALSE,FALSE,FALSE,FALSE,FALSE,FALSE,FALSE,FALSE,FALSE,FALSE,FALSE,2490.00,Commercial convection ovens with humidity,Control panel with 7-segment display,Electric,800.00,811.00,500.00,57.00,4.00,600x400,75.00,380-415V 3N~ / 220-240V 3~ / 220-240V 1~,6.90,50 / 60 Hz,7.90
BAKERLUX SHOP.Pro LED,XEFR-04EU-ELDV,https://unox.com/en_fr/ovens/bakerlux-shoppro-led-xefr-04eu-eldv/,FALSE,FALSE,FALSE,FALSE,TRUE,FALSE,FALSE,TRUE,FALSE,TRUE,FALSE,FALSE,FALSE,FALSE,FALSE,FALSE,FALSE,FALSE,FALSE,FALSE,FALSE,FALSE,FALSE,FALSE,FALSE,FALSE,FALSE,FALSE,FALSE,FALSE,FALSE,2470.00,Commercial convection ovens with humidity,Control panel with 7-segment display,Electric,800.00,811.00,500.00,57.00,4.00,600x400,75.00,380-415V 3N~ / 220-240V 3~ / 220-240V 1~,6.90,50 / 60 Hz,7.90
BAKERLUX SHOP.Pro GO,XEFR-04EU-EGDN,https://unox.com/en_fr/ovens/bakerlux-shoppro-go-xefr-04eu-egdn/,FALSE,FALSE,FALSE,FALSE,TRUE,FALSE,FALSE,FALSE,FALSE,TRUE,FALSE,FALSE,FALSE,FALSE,FALSE,FALSE,FALSE,FALSE,FALSE,FALSE,FALSE,FALSE,FALSE,FALSE,FALSE,FALSE,FALSE,FALSE,FALSE,FALSE,FALSE,2230.00,Commercial convection ovens,Control panel with 7-segment display,Electric,800.00,811.00,500.00,57.00,4.00,600x400,75.00,380-415V 3N~ / 220-240V 3~ / 220-240V 1~,6.90,50 / 60 Hz,7.90
BAKERLUX & LINEMISS MANUAL,XFT133,https://unox.com/en_fr/ovens/bakerlux-linemiss-manual-xft133/,FALSE,FALSE,FALSE,FALSE,FALSE,FALSE,FALSE,FALSE,FALSE,FALSE,FALSE,FALSE,FALSE,FALSE,FALSE,FALSE,FALSE,FALSE,FALSE,FALSE,FALSE,FALSE,TRUE,TRUE,FALSE,FALSE,FALSE,FALSE,FALSE,FALSE,FALSE,1000.00,Commercial convection ovens with humidity,Knob,Electric,600.00,655.00,509.00,31.00,4.00,460x330,75.00,220-240V 1N~,3.00,50 / 60 Hz,
BAKERLUX & LINEMISS MANUAL,XFT197,https://unox.com/en_fr/ovens/bakerlux-linemiss-manual-xft197/,FALSE,FALSE,FALSE,FALSE,FALSE,FALSE,FALSE,FALSE,FALSE,FALSE,FALSE,FALSE,FALSE,FALSE,FALSE,FALSE,FALSE,FALSE,FALSE,FALSE,FALSE,FALSE,TRUE,TRUE,FALSE,FALSE,FALSE,FALSE,FALSE,FALSE,FALSE,1890.00,Commercial convection ovens with humidity,Knob,Electric,800.00,774.00,509.00,49.00,4.00,600x400,75.00,380-415V 3N~ / 220-240V 1N~ / 220-240V 3~,6.50,50 / 60 Hz,
BAKERLUX & LINEMISS MANUAL,XFT193,https://unox.com/en_fr/ovens/bakerlux-linemiss-manual-xft193/,FALSE,FALSE,FALSE,FALSE,FALSE,FALSE,FALSE,FALSE,FALSE,FALSE,FALSE,FALSE,FALSE,FALSE,FALSE,FALSE,FALSE,FALSE,FALSE,FALSE,FALSE,FALSE,TRUE,TRUE,FALSE,FALSE,FALSE,FALSE,FALSE,FALSE,FALSE,1760.00,Commercial convection ovens with humidity,Knob,Electric,800.00,774.00,509.00,49.00,4.00,600x400,75.00,380-415V 3N~ / 220-240V 3~ / 220-240V 1~,6.50,50 / 60 Hz,
LINEMICRO MANUAL,XF023,https://unox.com/en_fr/ovens/linemicro-manual-xf023/,FALSE,FALSE,FALSE,FALSE,FALSE,FALSE,FALSE,FALSE,FALSE,FALSE,FALSE,FALSE,FALSE,FALSE,FALSE,FALSE,FALSE,FALSE,FALSE,FALSE,FALSE,FALSE,FALSE,FALSE,FALSE,FALSE,FALSE,FALSE,FALSE,TRUE,FALSE,750.00,Commercial convection ovens,Knob,Electric,600.00,587.00,472.00,22.00,4.00,460x330,75.00,220-240V 1~,3.00,50 / 60 Hz,
LINEMICRO MANUAL,XF043,https://unox.com/en_fr/ovens/linemicro-manual-xf043/,FALSE,FALSE,FALSE,FALSE,FALSE,FALSE,FALSE,FALSE,FALSE,FALSE,FALSE,FALSE,FALSE,FALSE,FALSE,FALSE,FALSE,FALSE,FALSE,FALSE,FALSE,FALSE,FALSE,FALSE,FALSE,FALSE,FALSE,FALSE,FALSE,TRUE,FALSE,1320.00,Commercial convection ovens,Knob,Electric,800.00,707.00,472.00,44.00,4.00,600x400,70.00,380-415V 3N~ / 220-240V 3~ / 220-240V 1~,5.30,50 Hz,
CHEFTOP MIND.Maps COUNTERTOP PLUS,XEVC-0511-EPRM-MS,https://unox.com/en_fr/ovens/cheftop-mindmaps-plus-xevc-0511-eprm-ms/,TRUE,FALSE,TRUE,TRUE,TRUE,TRUE,FALSE,TRUE,TRUE,TRUE,FALSE,TRUE,TRUE,TRUE,FALSE,TRUE,TRUE,TRUE,TRUE,TRUE,TRUE,FALSE,FALSE,FALSE,FALSE,TRUE,FALSE,FALSE,FALSE,FALSE,FALSE,6050.00,Commercial countertop combi ovens,"9.5"" Touch control panel",Electric,750.00,783.00,675.00,70.00,5.00,GN 1/1,67.00,380-415V 3N~ / 220-240V 3~ / 220-240V 1~,9.30,50 / 60 Hz,
CHEFTOP MIND.Maps COUNTERTOP PLUS,XEVC-0511-EPRM,https://unox.com/en_fr/ovens/cheftop-mindmaps-plus-xevc-0511-eprm/,TRUE,FALSE,TRUE,TRUE,TRUE,TRUE,FALSE,TRUE,TRUE,TRUE,FALSE,TRUE,TRUE,TRUE,FALSE,TRUE,TRUE,TRUE,TRUE,TRUE,TRUE,FALSE,FALSE,FALSE,FALSE,TRUE,FALSE,FALSE,FALSE,FALSE,FALSE,5600.00,Commercial countertop combi ovens,"9.5"" Touch control panel",Electric,750.00,783.00,675.00,70.00,5.00,GN 1/1,67.00,380-415V 3N~ / 220-240V 3~ / 220-240V 1~,9.30,50 / 60 Hz,21.70
CHEFTOP MIND.Maps COUNTERTOP PLUS,XEVC-0511-GPRM,https://unox.com/en_fr/ovens/cheftop-mindmaps-plus-xevc-0511-gprm/,TRUE,FALSE,TRUE,TRUE,TRUE,TRUE,FALSE,TRUE,TRUE,TRUE,FALSE,TRUE,TRUE,TRUE,FALSE,TRUE,TRUE,TRUE,TRUE,TRUE,TRUE,FALSE,FALSE,FALSE,FALSE,TRUE,FALSE,FALSE,FALSE,FALSE,FALSE,6650.00,Commercial countertop combi ovens,"9.5"" Touch control panel",Gas,750.00,783.00,675.00,83.00,5.00,GN 1/1,67.00,220-240V 1N~,0.60,50 / 60 Hz,27.20
CHEFTOP MIND.Maps COUNTERTOP PLUS,XEVC-0511-GPRM-MS,https://unox.com/en_fr/ovens/cheftop-mindmaps-plus-xevc-0511-gprm-ms/,TRUE,FALSE,TRUE,TRUE,TRUE,TRUE,FALSE,TRUE,TRUE,TRUE,FALSE,TRUE,TRUE,TRUE,FALSE,TRUE,TRUE,TRUE,TRUE,TRUE,TRUE,FALSE,FALSE,FALSE,FALSE,TRUE,FALSE,FALSE,FALSE,FALSE,FALSE,7100.00,Commercial countertop combi ovens,"9.5"" Touch control panel",Gas,750.00,783.00,675.00,83.00,5.00,GN 1/1,67.00,220-240V 1N~,0.60,50 / 60 Hz,
CHEFTOP MIND.Maps COUNTERTOP ONE,XEVC-0511-E1RM,https://unox.com/en_fr/ovens/cheftop-mindmaps-one-xevc-0511-e1rm/,TRUE,FALSE,TRUE,FALSE,TRUE,FALSE,FALSE,TRUE,FALSE,TRUE,FALSE,TRUE,TRUE,TRUE,FALSE,TRUE,TRUE,FALSE,TRUE,FALSE,TRUE,FALSE,FALSE,FALSE,FALSE,FALSE,FALSE,FALSE,FALSE,FALSE,FALSE,4600.00,Commercial countertop combi ovens,"9.5"" Touch control panel",Electric,750.00,783.00,675.00,66.00,5.00,GN 1/1,67.00,380-415V 3N~ / 220-240V 3~ / 220-240V 1~,9.30,50 / 60 Hz,26.00
CHEFTOP MIND.Maps COUNTERTOP ZERO,XEVC-0511-EZRM,https://unox.com/en_fr/ovens/cheftop-mindmaps-zero-xevc-0511-ezrm/,FALSE,FALSE,FALSE,FALSE,TRUE,FALSE,FALSE,TRUE,FALSE,TRUE,FALSE,FALSE,FALSE,FALSE,FALSE,FALSE,FALSE,FALSE,FALSE,FALSE,FALSE,FALSE,FALSE,FALSE,FALSE,FALSE,FALSE,FALSE,FALSE,FALSE,FALSE,3400.00,Commercial countertop combi ovens,Control panel with 7-segment display,Electric,750.00,783.00,675.00,61.00,5.00,GN 1/1,67.00,380-415V 3N~ / 220-240V 3~ / 220-240V 1~,9.30,50 / 60 Hz,28.80
CHEFTOP MIND.Maps COUNTERTOP ZERO,XEVC-0511-EZRM-LP,https://unox.com/en_fr/ovens/cheftop-mindmaps-zero-xevc-0511-ezrm-lp/,FALSE,FALSE,FALSE,FALSE,TRUE,FALSE,FALSE,TRUE,FALSE,TRUE,FALSE,FALSE,FALSE,FALSE,FALSE,FALSE,FALSE,FALSE,FALSE,FALSE,FALSE,FALSE,FALSE,FALSE,FALSE,FALSE,FALSE,FALSE,FALSE,FALSE,FALSE,3400.00,Commercial countertop combi ovens,Control panel with 7-segment display,Electric,750.00,783.00,675.00,61.00,5.00,GN 1/1,67.00,380-415V 3N~ / 220-240V 3~ / 220-240V 1N~,7.00,50 / 60 Hz,28.80
CHEFTOP MIND.Maps COMPACT PLUS,XECC-0513-EPRM,https://unox.com/en_fr/ovens/cheftop-mindmaps-plus-compact-xecc-0513-eprm/,TRUE,FALSE,TRUE,TRUE,TRUE,TRUE,FALSE,TRUE,TRUE,TRUE,FALSE,TRUE,TRUE,TRUE,FALSE,TRUE,TRUE,TRUE,TRUE,TRUE,TRUE,FALSE,FALSE,FALSE,FALSE,FALSE,FALSE,FALSE,FALSE,FALSE,FALSE,5950.00,Commercial countertop combi ovens,"9.5"" Touch control panel",Electric,535.00,872.00,649.00,68.00,5.00,GN 1/1,67.00,380-415V 3N~ / 220-240V 3~ / 220-240V 1N~,9.30,50 / 60 Hz,21.60
CHEFTOP MIND.Maps COMPACT PLUS,XECC-0523-EPRM,https://unox.com/en_fr/ovens/cheftop-mindmaps-plus-compact-xecc-0523-eprm/,TRUE,FALSE,TRUE,TRUE,TRUE,TRUE,FALSE,TRUE,TRUE,TRUE,FALSE,TRUE,TRUE,TRUE,FALSE,TRUE,TRUE,TRUE,TRUE,TRUE,TRUE,FALSE,FALSE,FALSE,FALSE,FALSE,FALSE,FALSE,FALSE,FALSE,FALSE,5350.00,Commercial countertop combi ovens,"9.5"" Touch control panel",Electric,535.00,672.00,649.00,58.00,5.00,GN 2/3,67.00,380-415V 3N~ / 220-240V 3~ / 220-240V 1N~,5.15,50 / 60 Hz,17.10
CHEFTOP MIND.Maps COMPACT ONE,XECC-0523-E1RM,https://unox.com/en_fr/ovens/cheftop-mindmaps-one-compact-xecc-0523-e1rm/,TRUE,FALSE,TRUE,FALSE,TRUE,FALSE,FALSE,TRUE,FALSE,TRUE,FALSE,TRUE,TRUE,TRUE,FALSE,TRUE,TRUE,FALSE,TRUE,FALSE,TRUE,FALSE,FALSE,FALSE,FALSE,FALSE,FALSE,FALSE,FALSE,FALSE,FALSE,4600.00,Commercial countertop combi ovens,"9.5"" Touch control panel",Electric,535.00,672.00,649.00,56.00,5.00,GN 2/3,67.00,380-415V 3N~ / 220-240V 3~ / 220-240V 1N~,5.15,50 / 60 Hz,20.70
CHEFLUX MANUAL,XV393,https://unox.com/en_fr/ovens/cheflux-manual-xv393/,FALSE,FALSE,FALSE,FALSE,FALSE,FALSE,FALSE,FALSE,FALSE,FALSE,FALSE,FALSE,FALSE,FALSE,FALSE,FALSE,FALSE,FALSE,FALSE,FALSE,FALSE,TRUE,TRUE,TRUE,FALSE,FALSE,FALSE,FALSE,FALSE,FALSE,FALSE,2700.00,Commercial convection ovens with humidity,Knob,Electric,750.00,773.00,772.00,67.00,5.00,GN 1/1,67.00,380-415V 3N~ / 220-240V 3~ / 220-240V 1~,7.10,50 / 60 Hz,
SPEED-X Digital.ID,XEPA-0523-EXRN,https://unox.com/en_fr/ovens/speed-x-xepa-0523-exrn/,FALSE,FALSE,FALSE,FALSE,FALSE,FALSE,FALSE,FALSE,FALSE,FALSE,FALSE,FALSE,FALSE,FALSE,FALSE,FALSE,FALSE,FALSE,FALSE,FALSE,FALSE,FALSE,FALSE,FALSE,FALSE,FALSE,FALSE,FALSE,FALSE,FALSE,FALSE,12050.00,Commercial combi speed ovens,"16"" Touch control panel",Electric,535.00,740.00,811.00,107.00,5.00,GN 2/3,70.00,380-415V 3N~ / 220-240V 3~,9.50,50 Hz,15.00
BAKERTOP-X Digital.ID,XELA-05EU-EXRS,https://unox.com/en_fr/ovens/bakertop-x-xela-05eu-exrs/,TRUE,FALSE,TRUE,FALSE,FALSE,FALSE,TRUE,FALSE,FALSE,FALSE,TRUE,FALSE,TRUE,FALSE,TRUE,FALSE,FALSE,FALSE,FALSE,FALSE,FALSE,FALSE,FALSE,FALSE,FALSE,FALSE,FALSE,FALSE,FALSE,FALSE,FALSE,10750.00,Commercial countertop combi ovens,"16"" Touch control panel",Electric,860.00,1018.00,789.00,100.00,5.00,600x400,86.00,380-415V 3N~ / 220-240V 3~ / 220-240V 1~,11.60,50 / 60 Hz,14.70
CHEFTOP MIND.Maps COUNTERTOP PLUS,XEVC-0621-EPRM,https://unox.com/en_fr/ovens/cheftop-mindmaps-plus-xevc-0621-eprm/,TRUE,FALSE,TRUE,TRUE,TRUE,TRUE,FALSE,TRUE,TRUE,TRUE,FALSE,TRUE,TRUE,TRUE,FALSE,TRUE,TRUE,TRUE,TRUE,TRUE,TRUE,FALSE,FALSE,FALSE,FALSE,TRUE,FALSE,FALSE,FALSE,FALSE,FALSE,11500.00,Commercial countertop combi ovens,"9.5"" Touch control panel",Electric,860.00,1145.00,842.00,120.00,6.00,GN 2/1,77.00,380-415V 3N~ / 220-240V 3~,20.50,50 / 60 Hz,86.40
CHEFTOP MIND.Maps COUNTERTOP PLUS,XEVC-0621-GPRM,https://unox.com/en_fr/ovens/cheftop-mindmaps-plus-xevc-0621-gprm/,TRUE,FALSE,TRUE,TRUE,TRUE,TRUE,FALSE,TRUE,TRUE,TRUE,FALSE,TRUE,TRUE,TRUE,FALSE,TRUE,TRUE,TRUE,TRUE,TRUE,TRUE,FALSE,FALSE,FALSE,FALSE,TRUE,FALSE,FALSE,FALSE,FALSE,FALSE,12850.00,Commercial countertop combi ovens,"9.5"" Touch control panel",Gas,860.00,1145.00,842.00,155.00,6.00,GN 2/1,77.00,220-240V 1N~,1.00,50 / 60 Hz,108.00
BAKERTOP MIND.Maps COUNTERTOP PLUS,XEBC-06EU-EPRM,https://unox.com/en_fr/ovens/bakertop-mindmaps-plus-xebc-06eu-eprm/,TRUE,FALSE,TRUE,TRUE,TRUE,TRUE,FALSE,TRUE,TRUE,TRUE,FALSE,TRUE,TRUE,TRUE,FALSE,TRUE,TRUE,TRUE,TRUE,TRUE,TRUE,FALSE,FALSE,FALSE,FALSE,FALSE,FALSE,FALSE,FALSE,FALSE,TRUE,8000.00,Commercial countertop combi ovens,"9.5"" Touch control panel",Electric,860.00,967.00,842.00,112.00,6.00,600x400,80.00,380-415V 3N~ / 220-240V 3~ / 220-240V 1~,14.00,50 / 60 Hz,13.40
BAKERTOP MIND.Maps COUNTERTOP PLUS,XEBC-06EU-GPRM,https://unox.com/en_fr/ovens/bakertop-mindmaps-plus-xebc-06eu-gprm/,TRUE,FALSE,TRUE,TRUE,TRUE,TRUE,FALSE,TRUE,TRUE,TRUE,FALSE,TRUE,TRUE,TRUE,FALSE,TRUE,TRUE,TRUE,TRUE,TRUE,TRUE,FALSE,FALSE,FALSE,FALSE,FALSE,FALSE,FALSE,FALSE,FALSE,TRUE,8700.00,Commercial countertop combi ovens,"9.5"" Touch control panel",Gas,860.00,967.00,842.00,126.00,6.00,600x400,80.00,220-240V 1N~,1.00,50 / 60 Hz,16.70
BAKERTOP MIND.Maps COUNTERTOP ONE,XEBC-06EU-E1RM,https://unox.com/en_fr/ovens/bakertop-mindmaps-one-xebc-06eu-e1rm/,TRUE,FALSE,TRUE,FALSE,TRUE,FALSE,FALSE,TRUE,FALSE,TRUE,FALSE,TRUE,TRUE,TRUE,FALSE,TRUE,TRUE,FALSE,TRUE,FALSE,TRUE,FALSE,FALSE,FALSE,FALSE,FALSE,FALSE,FALSE,FALSE,FALSE,FALSE,5850.00,Commercial countertop combi ovens,"9.5"" Touch control panel",Electric,860.00,967.00,842.00,103.00,6.00,600x400,80.00,380-415V 3N~ / 220-240V 3~ / 220-240V 1~,10.10,50 / 60 Hz,14.50
BAKERLUX SHOP.Pro MASTER,XEFR-06EU-EMRV,https://unox.com/en_fr/ovens/bakerlux-shoppro-master-xefr-06eu-emrv/,FALSE,FALSE,FALSE,TRUE,TRUE,TRUE,FALSE,TRUE,TRUE,TRUE,FALSE,FALSE,FALSE,TRUE,FALSE,TRUE,TRUE,TRUE,TRUE,FALSE,TRUE,FALSE,FALSE,FALSE,FALSE,FALSE,TRUE,FALSE,TRUE,FALSE,FALSE,4960.00,Commercial convection ovens with humidity,"7"" Touch control panel",Electric,800.00,811.00,682.00,72.00,6.00,600x400,75.00,380-415V 3N~ / 220-240V 3~,10.30,50 / 60 Hz,17.50
BAKERLUX SHOP.Pro TOUCH,XEFR-06EU-ETRV,https://unox.com/en_fr/ovens/bakerlux-shoppro-touch-xefr-06eu-etrv/,FALSE,FALSE,FALSE,FALSE,TRUE,FALSE,FALSE,TRUE,FALSE,TRUE,FALSE,FALSE,FALSE,TRUE,FALSE,TRUE,FALSE,FALSE,TRUE,FALSE,FALSE,FALSE,FALSE,FALSE,FALSE,FALSE,FALSE,TRUE,FALSE,FALSE,FALSE,4400.00,Commercial convection ovens with humidity,"2.4"" Touch control panel",Electric,800.00,811.00,682.00,72.00,6.00,600x400,75.00,380-415V 3N~ / 220-240V 3~,10.30,50 / 60 Hz,17.50
BAKERLUX SHOP.Pro TOUCH,XEFR-06EU-ETRV-MT,https://unox.com/en_fr/ovens/bakerlux-shoppro-touch-xefr-06eu-etrv-mt/,FALSE,FALSE,FALSE,FALSE,TRUE,FALSE,FALSE,TRUE,FALSE,TRUE,FALSE,FALSE,FALSE,TRUE,FALSE,TRUE,FALSE,FALSE,TRUE,FALSE,FALSE,FALSE,FALSE,FALSE,FALSE,FALSE,FALSE,TRUE,FALSE,FALSE,FALSE,4050.00,Commercial convection ovens with humidity,"2.4"" Touch control panel",Electric,800.00,811.00,682.00,72.00,6.00,600x400,75.00,380-415V 3N~ / 220-240V 3~,10.30,50 / 60 Hz,17.50
BAKERLUX SHOP.Pro LED,XEFR-06EU-ELRV,https://unox.com/en_fr/ovens/bakerlux-shoppro-led-xefr-06eu-elrv/,FALSE,FALSE,FALSE,FALSE,TRUE,FALSE,FALSE,TRUE,FALSE,TRUE,FALSE,FALSE,FALSE,FALSE,FALSE,FALSE,FALSE,FALSE,FALSE,FALSE,FALSE,FALSE,FALSE,FALSE,FALSE,FALSE,FALSE,FALSE,FALSE,FALSE,FALSE,3700.00,Commercial convection ovens with humidity,Control panel with 7-segment display,Electric,800.00,811.00,682.00,72.00,6.00,600x400,75.00,380-415V 3N~ / 220-240V 3~,1033.00,50 / 60 Hz,17.50
BAKERLUX SHOP.Pro GO,XEFR-06EU-EGRN,https://unox.com/en_fr/ovens/bakerlux-shoppro-go-xefr-06eu-egrn/,FALSE,FALSE,FALSE,FALSE,TRUE,FALSE,FALSE,FALSE,FALSE,TRUE,FALSE,FALSE,FALSE,FALSE,FALSE,FALSE,FALSE,FALSE,FALSE,FALSE,FALSE,FALSE,FALSE,FALSE,FALSE,FALSE,FALSE,FALSE,FALSE,FALSE,FALSE,3300.00,Commercial convection ovens,Control panel with 7-segment display,Electric,800.00,811.00,682.00,72.00,6.00,600x400,75.00,380-415V 3N~ / 220-240V 3~,10.30,50 / 60 Hz,17.50
BAKERLUX & LINEMISS MANUAL,XB693,https://unox.com/en_fr/ovens/bakerlux-linemiss-manual-xb693/,FALSE,FALSE,FALSE,FALSE,FALSE,FALSE,FALSE,FALSE,FALSE,FALSE,FALSE,FALSE,FALSE,FALSE,FALSE,FALSE,FALSE,FALSE,FALSE,FALSE,FALSE,FALSE,TRUE,TRUE,FALSE,FALSE,FALSE,FALSE,FALSE,FALSE,FALSE,3600.00,Commercial convection ovens with humidity,Knob,Electric,860.00,882.00,932.00,86.00,6.00,600x400,80.00,380-415V 3N~ / 220-240V 3~,10.50,50 / 60 Hz,
BAKERLUX & LINEMISS MANUAL,XB613G,https://unox.com/en_fr/ovens/bakerlux-linemiss-manual-xb613g/,FALSE,FALSE,FALSE,FALSE,FALSE,FALSE,FALSE,FALSE,FALSE,FALSE,FALSE,FALSE,FALSE,FALSE,FALSE,FALSE,FALSE,FALSE,FALSE,FALSE,FALSE,FALSE,TRUE,TRUE,FALSE,FALSE,FALSE,FALSE,FALSE,FALSE,FALSE,4750.00,Commercial convection ovens with humidity,Knob,Gas,860.00,882.00,1144.00,100.00,6.00,600x400,80.00,220-240V 1~,0.70,50 / 60 Hz,
CHEFTOP-X Digital.ID,XEDA-0611-EXRS,https://unox.com/en_fr/ovens/cheftop-x-xeda-0611-exrs/,TRUE,TRUE,TRUE,FALSE,FALSE,FALSE,TRUE,FALSE,FALSE,FALSE,TRUE,FALSE,TRUE,FALSE,FALSE,FALSE,FALSE,FALSE,FALSE,FALSE,FALSE,FALSE,FALSE,FALSE,FALSE,FALSE,FALSE,FALSE,FALSE,FALSE,FALSE,10750.00,Commercial countertop combi ovens,"16"" Touch control panel",Electric,750.00,841.00,789.00,114.00,6.00,GN 1/1,67.00,380-415V 3N~ / 220-240V 3~ / 220-240V 1~,11.60,50 / 60 Hz,27.40
CHEFTOP-X Digital.ID,XEDA-0611-GXRS,https://unox.com/en_fr/ovens/cheftop-x-xeda-0611-gxrs/,TRUE,TRUE,TRUE,FALSE,FALSE,FALSE,TRUE,FALSE,FALSE,FALSE,TRUE,FALSE,TRUE,FALSE,FALSE,FALSE,FALSE,FALSE,FALSE,FALSE,FALSE,FALSE,FALSE,FALSE,FALSE,FALSE,FALSE,FALSE,FALSE,FALSE,FALSE,12800.00,Commercial countertop combi ovens,"16"" Touch control panel",Gas,750.00,841.00,789.00,132.00,6.00,GN 1/1,67.00,220-240V 1~,1.40,50 / 60 Hz,34.20
CHEFTOP-X Digital.ID,XEDA-0621-EXRS,https://unox.com/en_fr/ovens/cheftop-x-xeda-0621-exrs/,TRUE,TRUE,TRUE,FALSE,FALSE,FALSE,TRUE,FALSE,FALSE,FALSE,TRUE,FALSE,TRUE,FALSE,FALSE,FALSE,FALSE,FALSE,FALSE,FALSE,FALSE,FALSE,FALSE,FALSE,FALSE,FALSE,FALSE,FALSE,FALSE,FALSE,FALSE,16400.00,Commercial countertop combi ovens,"16"" Touch control panel",Electric,860.00,1180.00,849.00,150.00,6.00,GN 2/1,77.00,380-415V 3N~ / 220-240V 3~,23.10,50 / 60 Hz,91.00
CHEFTOP-X Digital.ID,XEDA-0621-GXRS,https://unox.com/en_fr/ovens/cheftop-x-xeda-0621-gxrs/,TRUE,TRUE,TRUE,FALSE,FALSE,FALSE,TRUE,FALSE,FALSE,FALSE,TRUE,FALSE,TRUE,FALSE,FALSE,FALSE,FALSE,FALSE,FALSE,FALSE,FALSE,FALSE,FALSE,FALSE,FALSE,FALSE,FALSE,FALSE,FALSE,FALSE,FALSE,19050.00,Commercial countertop combi ovens,"16"" Touch control panel",Gas,860.00,1180.00,849.00,168.00,6.00,GN 2/1,77.00,220-240V 1~,1.40,50 / 60 Hz,113.60
CHEFTOP MIND.Maps COUNTERTOP PLUS,XEVC-0711-EPRM-MS,https://unox.com/en_fr/ovens/cheftop-mindmaps-plus-xevc-0711-eprm-ms/,TRUE,FALSE,TRUE,TRUE,TRUE,TRUE,FALSE,TRUE,TRUE,TRUE,FALSE,TRUE,TRUE,TRUE,FALSE,TRUE,TRUE,TRUE,TRUE,TRUE,TRUE,FALSE,FALSE,FALSE,FALSE,TRUE,FALSE,FALSE,FALSE,FALSE,FALSE,8400.00,Commercial countertop combi ovens,"9.5"" Touch control panel",Electric,750.00,783.00,843.00,86.00,7.00,GN 1/1,67.00,380-415V 3N~ / 220-240V 3~ / 220-240V 1~,11.70,50 / 60 Hz,
CHEFTOP MIND.Maps COUNTERTOP PLUS,XEVC-0711-EPRM,https://unox.com/en_fr/ovens/cheftop-mindmaps-plus-xevc-0711-eprm/,TRUE,FALSE,TRUE,TRUE,TRUE,TRUE,FALSE,TRUE,TRUE,TRUE,FALSE,TRUE,TRUE,TRUE,FALSE,TRUE,TRUE,TRUE,TRUE,TRUE,TRUE,FALSE,FALSE,FALSE,FALSE,TRUE,FALSE,FALSE,FALSE,FALSE,FALSE,7950.00,Commercial countertop combi ovens,"9.5"" Touch control panel",Electric,750.00,783.00,843.00,86.00,7.00,GN 1/1,67.00,380-415V 3N~ / 220-240V 3~ / 220-240V 1~,11.70,50 / 60 Hz,29.40
CHEFTOP MIND.Maps COUNTERTOP PLUS,XEVC-0711-GPRM,https://unox.com/en_fr/ovens/cheftop-mindmaps-plus-xevc-0711-gprm/,TRUE,FALSE,TRUE,TRUE,TRUE,TRUE,FALSE,TRUE,TRUE,TRUE,FALSE,TRUE,TRUE,TRUE,FALSE,TRUE,TRUE,TRUE,TRUE,TRUE,TRUE,FALSE,FALSE,FALSE,FALSE,TRUE,FALSE,FALSE,FALSE,FALSE,FALSE,8600.00,Commercial countertop combi ovens,"9.5"" Touch control panel",Gas,750.00,783.00,843.00,104.00,7.00,GN 1/1,67.00,220-240V 1N~,1.00,50 / 60 Hz,36.70
CHEFTOP MIND.Maps COUNTERTOP PLUS,XEVC-0711-GPRM-MS,https://unox.com/en_fr/ovens/cheftop-mindmaps-plus-xevc-0711-gprm-ms/,TRUE,FALSE,TRUE,TRUE,TRUE,TRUE,FALSE,TRUE,TRUE,TRUE,FALSE,TRUE,TRUE,TRUE,FALSE,TRUE,TRUE,TRUE,TRUE,TRUE,TRUE,FALSE,FALSE,FALSE,FALSE,TRUE,FALSE,FALSE,FALSE,FALSE,FALSE,9050.00,Commercial countertop combi ovens,"9.5"" Touch control panel",Gas,750.00,783.00,843.00,104.00,7.00,GN 1/1,67.00,220-240V 1N~,1.00,50 / 60 Hz,
CHEFTOP MIND.Maps COUNTERTOP ONE,XEVC-0711-E1RM,https://unox.com/en_fr/ovens/cheftop-mindmaps-one-xevc-0711-e1rm/,TRUE,FALSE,TRUE,FALSE,TRUE,FALSE,FALSE,TRUE,FALSE,TRUE,FALSE,TRUE,TRUE,TRUE,FALSE,TRUE,TRUE,FALSE,TRUE,FALSE,TRUE,FALSE,FALSE,FALSE,FALSE,FALSE,FALSE,FALSE,FALSE,FALSE,FALSE,6000.00,Commercial countertop combi ovens,"9.5"" Touch control panel",Electric,750.00,783.00,843.00,82.00,7.00,GN 1/1,67.00,380-415V 3N~ / 220-240V 3~ / 220-240V 1~,11.70,50 / 60 Hz,34.70
CHEFTOP MIND.Maps COUNTERTOP ZERO,XEVC-0711-EZRM,https://unox.com/en_fr/ovens/cheftop-mindmaps-zero-xevc-0711-ezrm/,FALSE,FALSE,FALSE,FALSE,TRUE,FALSE,FALSE,TRUE,FALSE,TRUE,FALSE,FALSE,FALSE,FALSE,FALSE,FALSE,FALSE,FALSE,FALSE,FALSE,FALSE,FALSE,FALSE,FALSE,FALSE,FALSE,FALSE,FALSE,FALSE,FALSE,FALSE,4450.00,Commercial countertop combi ovens,Control panel with 7-segment display,Electric,750.00,783.00,843.00,72.00,7.00,GN 1/1,67.00,380-415V 3N~ / 220-240V 3~ / 220-240V 1~,11.70,50 / 60 Hz,39.30
CHEFLUX MANUAL,XV593,https://unox.com/en_fr/ovens/cheflux-manual-xv593/,FALSE,FALSE,FALSE,FALSE,FALSE,FALSE,FALSE,FALSE,FALSE,FALSE,FALSE,FALSE,FALSE,FALSE,FALSE,FALSE,FALSE,FALSE,FALSE,FALSE,FALSE,TRUE,TRUE,TRUE,FALSE,FALSE,FALSE,FALSE,FALSE,FALSE,FALSE,3600.00,Commercial convection ovens with humidity,Knob,Electric,860.00,882.00,932.00,86.00,7.00,GN 1/1,67.00,380-415V 3N~ / 220-240V 3~,10.50,50 / 60 Hz,
CHEFLUX MANUAL,XV513G,https://unox.com/en_fr/ovens/cheflux-manual-xv513g/,FALSE,FALSE,FALSE,FALSE,FALSE,FALSE,FALSE,FALSE,FALSE,FALSE,FALSE,FALSE,FALSE,FALSE,FALSE,FALSE,FALSE,FALSE,FALSE,FALSE,FALSE,TRUE,TRUE,TRUE,FALSE,FALSE,FALSE,FALSE,FALSE,FALSE,FALSE,4750.00,Commercial convection ovens with humidity,Knob,Gas,860.00,882.00,1144.00,100.00,7.00,GN 1/1,67.00,220-240V 1~,0.70,50 / 60 Hz,
CHEFTOP MIND.Maps COUNTERTOP PLUS,XEVC-1011-EPRM,https://unox.com/en_fr/ovens/cheftop-mindmaps-plus-xevc-1011-eprm/,TRUE,FALSE,TRUE,TRUE,TRUE,TRUE,FALSE,TRUE,TRUE,TRUE,FALSE,TRUE,TRUE,TRUE,FALSE,TRUE,TRUE,TRUE,TRUE,TRUE,TRUE,FALSE,FALSE,FALSE,FALSE,TRUE,FALSE,FALSE,FALSE,FALSE,FALSE,10600.00,Commercial countertop combi ovens,"9.5"" Touch control panel",Electric,750.00,783.00,1010.00,98.00,10.00,GN 1/1,67.00,380-415V 3N~ / 220-240V 3~,18.50,50 / 60 Hz,36.60
CHEFTOP MIND.Maps COUNTERTOP PLUS,XEVC-1011-EPRM-MS,https://unox.com/en_fr/ovens/cheftop-mindmaps-plus-xevc-1011-eprm-ms/,TRUE,FALSE,TRUE,TRUE,TRUE,TRUE,FALSE,TRUE,TRUE,TRUE,FALSE,TRUE,TRUE,TRUE,FALSE,TRUE,TRUE,TRUE,TRUE,TRUE,TRUE,FALSE,FALSE,FALSE,FALSE,TRUE,FALSE,FALSE,FALSE,FALSE,FALSE,11050.00,Commercial countertop combi ovens,"9.5"" Touch control panel",Electric,750.00,783.00,1010.00,98.00,10.00,GN 1/1,67.00,380-415V 3N~ / 220-240V 3~,18.50,50 / 60 Hz,
CHEFTOP MIND.Maps COUNTERTOP PLUS,XEVC-1011-GPRM-MS,https://unox.com/en_fr/ovens/cheftop-mindmaps-plus-xevc-1011-gprm-ms/,TRUE,FALSE,TRUE,TRUE,TRUE,TRUE,FALSE,TRUE,TRUE,TRUE,FALSE,TRUE,TRUE,TRUE,FALSE,TRUE,TRUE,TRUE,TRUE,TRUE,TRUE,FALSE,FALSE,FALSE,FALSE,TRUE,FALSE,FALSE,FALSE,FALSE,FALSE,12100.00,Commercial countertop combi ovens,"9.5"" Touch control panel",Gas,750.00,783.00,1010.00,117.00,10.00,GN 1/1,67.00,220-240V 1N~,1.00,50 Hz,
CHEFTOP MIND.Maps COUNTERTOP PLUS,XEVC-1011-GPRM,https://unox.com/en_fr/ovens/cheftop-mindmaps-plus-xevc-1011-gprm/,TRUE,FALSE,TRUE,TRUE,TRUE,TRUE,FALSE,TRUE,TRUE,TRUE,FALSE,TRUE,TRUE,TRUE,FALSE,TRUE,TRUE,TRUE,TRUE,TRUE,TRUE,FALSE,FALSE,FALSE,FALSE,TRUE,FALSE,FALSE,FALSE,FALSE,FALSE,11650.00,Commercial countertop combi ovens,"9.5"" Touch control panel",Gas,750.00,783.00,1010.00,117.00,10.00,GN 1/1,67.00,220-240V 1N~,1.00,50 / 60 Hz,45.70
CHEFTOP MIND.Maps COUNTERTOP ONE,XEVC-1011-E1RM,https://unox.com/en_fr/ovens/cheftop-mindmaps-one-xevc-1011-e1rm/,TRUE,FALSE,TRUE,FALSE,TRUE,FALSE,FALSE,TRUE,FALSE,TRUE,FALSE,TRUE,TRUE,TRUE,FALSE,TRUE,TRUE,FALSE,TRUE,FALSE,TRUE,FALSE,FALSE,FALSE,FALSE,FALSE,FALSE,FALSE,FALSE,FALSE,FALSE,7600.00,Commercial countertop combi ovens,"9.5"" Touch control panel",Electric,750.00,783.00,1010.00,92.00,10.00,GN 1/1,67.00,380-415V 3N~ / 220-240V 3~,18.50,50 / 60 Hz,42.60
CHEFTOP MIND.Maps COUNTERTOP ZERO,XEVC-1011-EZRM,https://unox.com/en_fr/ovens/cheftop-mindmaps-zero-xevc-1011-ezrm/,FALSE,FALSE,FALSE,FALSE,TRUE,FALSE,FALSE,TRUE,FALSE,TRUE,FALSE,FALSE,FALSE,FALSE,FALSE,FALSE,FALSE,FALSE,FALSE,FALSE,FALSE,FALSE,FALSE,FALSE,FALSE,FALSE,FALSE,FALSE,FALSE,FALSE,FALSE,6000.00,Commercial countertop combi ovens,Control panel with 7-segment display,Electric,750.00,783.00,1010.00,85.00,10.00,GN 1/1,67.00,380-415V 3N~ / 220-240V 3~,18.50,50 / 60 Hz,48.30
CHEFTOP MIND.Maps COMPACT PLUS,XECC-1013-EPRM,https://unox.com/en_fr/ovens/cheftop-mindmaps-plus-compact-xecc-1013-eprm/,TRUE,FALSE,TRUE,TRUE,TRUE,TRUE,FALSE,TRUE,TRUE,TRUE,FALSE,TRUE,TRUE,TRUE,FALSE,TRUE,TRUE,TRUE,TRUE,TRUE,TRUE,FALSE,FALSE,FALSE,FALSE,FALSE,FALSE,FALSE,FALSE,FALSE,FALSE,11400.00,Commercial countertop combi ovens,"9.5"" Touch control panel",Electric,535.00,872.00,984.00,94.00,10.00,GN 1/1,67.00,380-415V 3N~ / 220-240V 3~,18.50,50 / 60 Hz,36.30
CHEFTOP MIND.Maps COUNTERTOP PLUS,XEVC-1021-EPRM,https://unox.com/en_fr/ovens/cheftop-mindmaps-plus-xevc-1021-eprm/,TRUE,FALSE,TRUE,TRUE,TRUE,TRUE,FALSE,TRUE,TRUE,TRUE,FALSE,TRUE,TRUE,TRUE,FALSE,TRUE,TRUE,TRUE,TRUE,TRUE,TRUE,FALSE,FALSE,FALSE,FALSE,TRUE,FALSE,FALSE,FALSE,FALSE,FALSE,15700.00,Commercial countertop combi ovens,"9.5"" Touch control panel",Electric,860.00,1145.00,1162.00,170.00,10.00,GN 2/1,77.00,380-415V 3N~ / 220-240V 3~,31.00,50 / 60 Hz,134.10
CHEFTOP MIND.Maps COUNTERTOP PLUS,XEVC-1021-GPRM,https://unox.com/en_fr/ovens/cheftop-mindmaps-plus-xevc-1021-gprm/,TRUE,FALSE,TRUE,TRUE,TRUE,TRUE,FALSE,TRUE,TRUE,TRUE,FALSE,TRUE,TRUE,TRUE,FALSE,TRUE,TRUE,TRUE,TRUE,TRUE,TRUE,FALSE,FALSE,FALSE,FALSE,TRUE,FALSE,FALSE,FALSE,FALSE,FALSE,17200.00,Commercial countertop combi ovens,"9.5"" Touch control panel",Gas,860.00,1145.00,1162.00,183.00,10.00,GN 2/1,77.00,220-240V 1N~,1.40,50 / 60 Hz,167.50
BAKERTOP MIND.Maps COUNTERTOP PLUS,XEBC-10EU-EPRM,https://unox.com/en_fr/ovens/bakertop-mindmaps-plus-xebc-10eu-eprm/,TRUE,FALSE,TRUE,TRUE,TRUE,TRUE,FALSE,TRUE,TRUE,TRUE,FALSE,TRUE,TRUE,TRUE,FALSE,TRUE,TRUE,TRUE,TRUE,TRUE,TRUE,FALSE,FALSE,FALSE,FALSE,FALSE,FALSE,FALSE,FALSE,FALSE,TRUE,11400.00,Commercial countertop combi ovens,"9.5"" Touch control panel",Electric,860.00,967.00,1162.00,148.00,10.00,600x400,80.00,380-415V 3N~ / 220-240V 3~,21.30,50 / 60 Hz,13.40
BAKERTOP MIND.Maps COUNTERTOP PLUS,XEBC-10EU-GPRM,https://unox.com/en_fr/ovens/bakertop-mindmaps-plus-xebc-10eu-gprm/,TRUE,FALSE,TRUE,TRUE,TRUE,TRUE,FALSE,TRUE,TRUE,TRUE,FALSE,TRUE,TRUE,TRUE,FALSE,TRUE,TRUE,TRUE,TRUE,TRUE,TRUE,FALSE,FALSE,FALSE,FALSE,FALSE,FALSE,FALSE,FALSE,FALSE,TRUE,12000.00,Commercial countertop combi ovens,"9.5"" Touch control panel",Gas,860.00,967.00,1162.00,163.00,10.00,600x400,80.00,220-240V 1N~,1.40,50 / 60 Hz,16.80
BAKERTOP MIND.Maps COUNTERTOP ONE,XEBC-10EU-E1RM,https://unox.com/en_fr/ovens/bakertop-mindmaps-one-xebc-10eu-e1rm/,TRUE,FALSE,TRUE,FALSE,TRUE,FALSE,FALSE,TRUE,FALSE,TRUE,FALSE,TRUE,TRUE,TRUE,FALSE,TRUE,TRUE,FALSE,TRUE,FALSE,TRUE,FALSE,FALSE,FALSE,FALSE,FALSE,FALSE,FALSE,FALSE,FALSE,FALSE,8500.00,Commercial countertop combi ovens,"9.5"" Touch control panel",Electric,860.00,967.00,1162.00,136.00,10.00,600x400,80.00,380-415V 3N~ / 220-240V 3~,15.20,50 / 60 Hz,14.50
BAKERLUX SHOP.Pro MASTER,XEFR-10EU-EMRV,https://unox.com/en_fr/ovens/bakerlux-shoppro-master-xefr-10eu-emrv/,FALSE,FALSE,FALSE,TRUE,TRUE,TRUE,FALSE,TRUE,TRUE,TRUE,FALSE,FALSE,FALSE,TRUE,FALSE,TRUE,TRUE,TRUE,TRUE,FALSE,TRUE,FALSE,FALSE,FALSE,FALSE,FALSE,TRUE,FALSE,TRUE,FALSE,FALSE,6800.00,Commercial convection ovens with humidity,"7"" Touch control panel",Electric,800.00,811.00,952.00,96.00,10.00,600x400,75.00,380-415V 3N~ / 220-240V 3~,15.50,50 / 60 Hz,27.10
BAKERLUX SHOP.Pro TOUCH,XEFR-10EU-ETRV-MT,https://unox.com/en_fr/ovens/bakerlux-shoppro-touch-xefr-10eu-etrv-mt/,FALSE,FALSE,FALSE,FALSE,TRUE,FALSE,FALSE,TRUE,FALSE,TRUE,FALSE,FALSE,FALSE,TRUE,FALSE,TRUE,FALSE,FALSE,TRUE,FALSE,FALSE,FALSE,FALSE,FALSE,FALSE,FALSE,FALSE,TRUE,FALSE,FALSE,FALSE,5750.00,Commercial convection ovens with humidity,"2.4"" Touch control panel",Electric,800.00,811.00,952.00,96.00,10.00,600x400,75.00,380-415V 3N~ / 220-240V 3~,15.50,50 / 60 Hz,27.10
BAKERLUX SHOP.Pro TOUCH,XEFR-10EU-ETRV,https://unox.com/en_fr/ovens/bakerlux-shoppro-touch-xefr-10eu-etrv/,FALSE,FALSE,FALSE,FALSE,TRUE,FALSE,FALSE,TRUE,FALSE,TRUE,FALSE,FALSE,FALSE,TRUE,FALSE,TRUE,FALSE,FALSE,TRUE,FALSE,FALSE,FALSE,FALSE,FALSE,FALSE,FALSE,FALSE,TRUE,FALSE,FALSE,FALSE,6300.00,Commercial convection ovens with humidity,"2.4"" Touch control panel",Electric,800.00,811.00,952.00,96.00,10.00,600x400,75.00,380-415V 3N~ / 220-240V 3~,15.50,50 / 60 Hz,27.10
BAKERLUX SHOP.Pro LED,XEFR-10EU-ELRV,https://unox.com/en_fr/ovens/bakerlux-shoppro-led-xefr-10eu-elrv/,FALSE,FALSE,FALSE,FALSE,TRUE,FALSE,FALSE,TRUE,FALSE,TRUE,FALSE,FALSE,FALSE,FALSE,FALSE,FALSE,FALSE,FALSE,FALSE,FALSE,FALSE,FALSE,FALSE,FALSE,FALSE,FALSE,FALSE,FALSE,FALSE,FALSE,FALSE,5200.00,Commercial convection ovens with humidity,Control panel with 7-segment display,Electric,800.00,811.00,952.00,96.00,10.00,600x400,75.00,380-415V 3N~ / 220-240V 3~,15.50,50 / 60 Hz,27.10
BAKERLUX SHOP.Pro GO,XEFR-10EU-EGRN,https://unox.com/en_fr/ovens/bakerlux-shoppro-go-xefr-10eu-egrn/,FALSE,FALSE,FALSE,FALSE,TRUE,FALSE,FALSE,FALSE,FALSE,TRUE,FALSE,FALSE,FALSE,FALSE,FALSE,FALSE,FALSE,FALSE,FALSE,FALSE,FALSE,FALSE,FALSE,FALSE,FALSE,FALSE,FALSE,FALSE,FALSE,FALSE,FALSE,4700.00,Commercial convection ovens,Control panel with 7-segment display,Electric,800.00,811.00,952.00,96.00,10.00,600x400,75.00,380-415V 3N~ / 220-240V 3~,15.50,50 / 60 Hz,27.10
BAKERLUX & LINEMISS MANUAL,XB893,https://unox.com/en_fr/ovens/bakerlux-linemiss-manual-xb893/,FALSE,FALSE,FALSE,FALSE,FALSE,FALSE,FALSE,FALSE,FALSE,FALSE,FALSE,FALSE,FALSE,FALSE,FALSE,FALSE,FALSE,FALSE,FALSE,FALSE,FALSE,FALSE,TRUE,TRUE,FALSE,FALSE,FALSE,FALSE,FALSE,FALSE,FALSE,5200.00,Commercial convection ovens with humidity,Knob,Electric,860.00,882.00,1252.00,118.00,10.00,600x400,80.00,380-415V 3N~ / 220-240V 3~,15.80,50 / 60 Hz,
BAKERLUX & LINEMISS MANUAL,XB813G,https://unox.com/en_fr/ovens/bakerlux-linemiss-manual-xb813g/,FALSE,FALSE,FALSE,FALSE,FALSE,FALSE,FALSE,FALSE,FALSE,FALSE,FALSE,FALSE,FALSE,FALSE,FALSE,FALSE,FALSE,FALSE,FALSE,FALSE,FALSE,FALSE,TRUE,TRUE,FALSE,FALSE,FALSE,FALSE,FALSE,FALSE,FALSE,6550.00,Commercial convection ovens with humidity,Knob,Gas,860.00,882.00,1465.00,130.00,10.00,600x400,80.00,220-240V 1~,1.00,50 / 60 Hz,
EVEREO EVEREO,XEEC-10HS-EPDS,https://unox.com/en_fr/ovens/evereo-xeec-10hs-epds/,FALSE,FALSE,FALSE,FALSE,FALSE,FALSE,FALSE,FALSE,FALSE,FALSE,FALSE,FALSE,FALSE,FALSE,FALSE,FALSE,FALSE,FALSE,FALSE,FALSE,FALSE,FALSE,FALSE,FALSE,TRUE,FALSE,FALSE,FALSE,FALSE,FALSE,FALSE,3600.00,The Hot Fridge,"9.5"" Touch control panel",Electric,600.00,590.00,610.00,49.00,10.00,460x330,28.00,220-240V 1~,1.50,50 / 60 Hz,
EVEREO EVEREO,XEEC-10HS-EPRS,https://unox.com/en_fr/ovens/evereo-xeec-10hs-eprs/,FALSE,FALSE,FALSE,FALSE,FALSE,FALSE,FALSE,FALSE,FALSE,FALSE,FALSE,FALSE,FALSE,FALSE,FALSE,FALSE,FALSE,FALSE,FALSE,FALSE,FALSE,FALSE,FALSE,FALSE,TRUE,FALSE,FALSE,FALSE,FALSE,FALSE,FALSE,3600.00,The Hot Fridge,"9.5"" Touch control panel",Electric,600.00,590.00,610.00,49.00,10.00,460x330,28.00,220-240V 1~,1.50,50 / 60 Hz,
EVEREO EVEREO,XEEC-1011-EPRS,https://unox.com/en_fr/ovens/evereo-xeec-1011-eprs/,FALSE,FALSE,FALSE,FALSE,FALSE,FALSE,FALSE,FALSE,FALSE,FALSE,FALSE,FALSE,FALSE,FALSE,FALSE,FALSE,FALSE,FALSE,FALSE,FALSE,FALSE,FALSE,FALSE,FALSE,TRUE,FALSE,FALSE,FALSE,FALSE,FALSE,FALSE,7000.00,The Hot Fridge,"9.5"" Touch control panel",Electric,750.00,628.00,915.00,82.00,10.00,GN 1/1,67.00,220-240V 1~,2.90,50 / 60 Hz,
EVEREO EVEREO,XEEC-1013-EPRS,https://unox.com/en_fr/ovens/evereo-xeec-1013-eprs/,FALSE,FALSE,FALSE,FALSE,FALSE,FALSE,FALSE,FALSE,FALSE,FALSE,FALSE,FALSE,FALSE,FALSE,FALSE,FALSE,FALSE,FALSE,FALSE,FALSE,FALSE,FALSE,FALSE,FALSE,TRUE,FALSE,FALSE,FALSE,FALSE,FALSE,FALSE,7000.00,The Hot Fridge,"9.5"" Touch control panel",Electric,535.00,883.00,915.00,70.00,10.00,GN 1/1,67.00,220-240V 1N~,2.90,50 / 60 Hz,
EVEREO EVEREO,XEEA-1011-EPRS,https://unox.com/en_fr/ovens/evereo-xeea-1011-eprs/,FALSE,FALSE,FALSE,FALSE,FALSE,FALSE,FALSE,FALSE,FALSE,FALSE,FALSE,FALSE,FALSE,FALSE,FALSE,FALSE,FALSE,FALSE,FALSE,FALSE,FALSE,FALSE,FALSE,FALSE,TRUE,FALSE,FALSE,FALSE,FALSE,FALSE,FALSE,7200.00,The Hot Fridge,"7"" Touch control panel",Electric,750.00,628.00,915.00,82.00,10.00,GN 1/1,67.00,220-240V 1~,2.90,50 / 60 Hz,
CHEFTOP-X Digital.ID,XEDA-1011-EXRS,https://unox.com/en_fr/ovens/cheftop-x-xeda-1011-exrs/,TRUE,TRUE,TRUE,FALSE,FALSE,FALSE,TRUE,FALSE,FALSE,FALSE,TRUE,FALSE,TRUE,FALSE,FALSE,FALSE,FALSE,FALSE,FALSE,FALSE,FALSE,FALSE,FALSE,FALSE,FALSE,FALSE,FALSE,FALSE,FALSE,FALSE,FALSE,15100.00,Commercial countertop combi ovens,"16"" Touch control panel",Electric,750.00,841.00,1069.00,132.00,10.00,GN 1/1,67.00,380-415V 3N~ / 220-240V 3~,19.60,50 / 60 Hz,38.80
CHEFTOP-X Digital.ID,XEDA-1011-GXRS,https://unox.com/en_fr/ovens/cheftop-x-xeda-1011-gxrs/,TRUE,TRUE,TRUE,FALSE,FALSE,FALSE,TRUE,FALSE,FALSE,FALSE,TRUE,FALSE,TRUE,FALSE,FALSE,FALSE,FALSE,FALSE,FALSE,FALSE,FALSE,FALSE,FALSE,FALSE,FALSE,FALSE,FALSE,FALSE,FALSE,FALSE,FALSE,17500.00,Commercial countertop combi ovens,"16"" Touch control panel",Gas,750.00,841.00,1069.00,151.00,10.00,GN 1/1,67.00,220-240V 1~,1.80,50 / 60 Hz,48.40
CHEFTOP-X Digital.ID,XEDA-1021-EXRS,https://unox.com/en_fr/ovens/cheftop-x-xeda-1021-exrs/,TRUE,TRUE,TRUE,FALSE,FALSE,FALSE,TRUE,FALSE,FALSE,FALSE,TRUE,FALSE,TRUE,FALSE,FALSE,FALSE,FALSE,FALSE,FALSE,FALSE,FALSE,FALSE,FALSE,FALSE,FALSE,FALSE,FALSE,FALSE,FALSE,FALSE,FALSE,21800.00,Commercial countertop combi ovens,"16"" Touch control panel",Electric,860.00,1180.00,1219.00,207.00,10.00,GN 2/1,83.00,380-415V 3N~ / 220-240V 3~,35.80,50 / 60 Hz,141.20
CHEFTOP-X Digital.ID,XEDA-1021-GXRS,https://unox.com/en_fr/ovens/cheftop-x-xeda-1021-gxrs/,TRUE,TRUE,TRUE,FALSE,FALSE,FALSE,TRUE,FALSE,FALSE,FALSE,TRUE,FALSE,TRUE,FALSE,FALSE,FALSE,FALSE,FALSE,FALSE,FALSE,FALSE,FALSE,FALSE,FALSE,FALSE,FALSE,FALSE,FALSE,FALSE,FALSE,FALSE,25300.00,Commercial countertop combi ovens,"16"" Touch control panel",Gas,860.00,1180.00,1219.00,250.00,10.00,GN 2/1,83.00,220-240V 1~,2.20,50 / 60 Hz,176.40
BAKERTOP-X Digital.ID,XELA-10EU-EXRS,https://unox.com/en_fr/ovens/bakertop-x-xela-10eu-exrs/,TRUE,FALSE,TRUE,FALSE,FALSE,FALSE,TRUE,FALSE,FALSE,FALSE,TRUE,FALSE,TRUE,FALSE,TRUE,FALSE,FALSE,FALSE,FALSE,FALSE,FALSE,FALSE,FALSE,FALSE,FALSE,FALSE,FALSE,FALSE,FALSE,FALSE,FALSE,15900.00,Commercial countertop combi ovens,"16"" Touch control panel",Electric,860.00,1018.00,1219.00,178.00,10.00,600x400,84.00,380-415V 3N~ / 220-240V 3~,21.00,50 / 60 Hz,14.80
CHEFLUX MANUAL,XV893,https://unox.com/en_fr/ovens/cheflux-manual-xv893/,FALSE,FALSE,FALSE,FALSE,FALSE,FALSE,FALSE,FALSE,FALSE,FALSE,FALSE,FALSE,FALSE,FALSE,FALSE,FALSE,FALSE,FALSE,FALSE,FALSE,FALSE,TRUE,TRUE,TRUE,FALSE,FALSE,FALSE,FALSE,FALSE,FALSE,FALSE,5200.00,Commercial convection ovens with humidity,Knob,Electric,860.00,882.00,1252.00,124.00,12.00,GN 1/1,67.00,380-415V 3N~ / 220-240V 3~,15.80,50 / 60 Hz,
CHEFLUX MANUAL,XV813G,https://unox.com/en_fr/ovens/cheflux-manual-xv813g/,FALSE,FALSE,FALSE,FALSE,FALSE,FALSE,FALSE,FALSE,FALSE,FALSE,FALSE,FALSE,FALSE,FALSE,FALSE,FALSE,FALSE,FALSE,FALSE,FALSE,FALSE,TRUE,TRUE,TRUE,FALSE,FALSE,FALSE,FALSE,FALSE,FALSE,FALSE,6550.00,Commercial convection ovens with humidity,Knob,Gas,860.00,882.00,1464.00,130.00,12.00,GN 1/1,67.00,220-240V 1N~,1.00,50 / 60 Hz,
BAKERTOP MIND.Maps BIG PLUS,XEBL-16EU-DPRS,https://unox.com/en_fr/ovens/bakertop-mindmaps-big-plus-xebl-16eu-dprs/,TRUE,FALSE,TRUE,TRUE,TRUE,TRUE,FALSE,TRUE,TRUE,TRUE,FALSE,TRUE,TRUE,TRUE,FALSE,TRUE,TRUE,TRUE,TRUE,TRUE,TRUE,FALSE,FALSE,FALSE,FALSE,FALSE,FALSE,FALSE,FALSE,FALSE,FALSE,20900.00,Commercial trolley combi ovens,"9.5"" Touch control panel",Electric,892.00,925.00,1875.00,292.00,16.00,600x400,81.50,380-415V 3N~ / 220-240V 3~,38.50,50 / 60 Hz,27.30
BAKERTOP MIND.Maps BIG PLUS,XEBL-16EU-YPRS,https://unox.com/en_fr/ovens/bakertop-mindmaps-big-plus-xebl-16eu-yprs/,TRUE,FALSE,TRUE,TRUE,TRUE,TRUE,FALSE,TRUE,TRUE,TRUE,FALSE,TRUE,TRUE,TRUE,FALSE,TRUE,TRUE,TRUE,TRUE,TRUE,TRUE,FALSE,FALSE,FALSE,FALSE,FALSE,FALSE,FALSE,FALSE,FALSE,FALSE,20000.00,Commercial trolley combi ovens,"9.5"" Touch control panel",Electric,892.00,925.00,1875.00,292.00,16.00,600x400,81.50,380-415V 3N~,38.50,50 / 60 Hz,27.30
BAKERTOP MIND.Maps BIG PLUS,XEBL-16EU-GPRS,https://unox.com/en_fr/ovens/bakertop-mindmaps-big-plus-xebl-16eu-gprs/,TRUE,FALSE,TRUE,TRUE,TRUE,TRUE,FALSE,TRUE,TRUE,TRUE,FALSE,TRUE,TRUE,TRUE,FALSE,TRUE,TRUE,TRUE,TRUE,TRUE,TRUE,FALSE,FALSE,FALSE,FALSE,FALSE,FALSE,FALSE,FALSE,FALSE,FALSE,22700.00,Commercial trolley combi ovens,"9.5"" Touch control panel",Gas,892.00,925.00,1875.00,309.00,16.00,600x400,81.00,220-240V 1N~,2.50,50 / 60 Hz,34.10
BAKERTOP MIND.Maps BIG ONE,XEBL-16EU-E1RS,https://unox.com/en_fr/ovens/bakertop-mindmaps-big-one-xebl-16eu-e1rs/,TRUE,FALSE,TRUE,FALSE,TRUE,FALSE,FALSE,TRUE,FALSE,TRUE,FALSE,TRUE,TRUE,TRUE,FALSE,TRUE,TRUE,FALSE,TRUE,FALSE,TRUE,FALSE,FALSE,FALSE,FALSE,FALSE,FALSE,FALSE,FALSE,FALSE,FALSE,14500.00,Commercial trolley combi ovens,"9.5"" Touch control panel",Electric,892.00,925.00,1875.00,262.00,16.00,600x400,81.50,380-415V 3N~ / 220-240V 3~,35.50,50 / 60 Hz,30.10
BAKERLUX & LINEMISS MANUAL,XB1083,https://unox.com/en_fr/ovens/bakerlux-linemiss-manual-xb1083/,FALSE,FALSE,FALSE,FALSE,FALSE,FALSE,FALSE,FALSE,FALSE,FALSE,FALSE,FALSE,FALSE,FALSE,FALSE,FALSE,FALSE,FALSE,FALSE,FALSE,FALSE,FALSE,TRUE,TRUE,FALSE,FALSE,FALSE,FALSE,FALSE,FALSE,FALSE,10600.00,Commercial convection ovens with humidity,Knob,Electric,913.00,997.00,1863.00,243.00,16.00,600x400,80.00,380-415V 3N~ / 220-240V 3~,29.70,50 / 60 Hz,
CHEFTOP MIND.Maps BIG PLUS,XEVL-2011-YPRS,https://unox.com/en_fr/ovens/cheftop-mindmaps-big-plus-xevl-2011-yprs/,TRUE,FALSE,TRUE,TRUE,TRUE,TRUE,FALSE,TRUE,TRUE,TRUE,FALSE,TRUE,TRUE,TRUE,FALSE,TRUE,TRUE,TRUE,TRUE,TRUE,TRUE,FALSE,FALSE,FALSE,FALSE,FALSE,FALSE,FALSE,FALSE,FALSE,FALSE,19800.00,Commercial trolley combi ovens,"9.5"" Touch control panel",Electric,892.00,925.00,1875.00,292.00,20.00,GN 1/1,67.00,380-415V 3N~,38.50,50 / 60 Hz,161.00
CHEFTOP MIND.Maps BIG PLUS,XEVL-2011-DPRS,https://unox.com/en_fr/ovens/cheftop-mindmaps-big-plus-xevl-2011-dprs/,TRUE,FALSE,TRUE,TRUE,TRUE,TRUE,FALSE,TRUE,TRUE,TRUE,FALSE,TRUE,TRUE,TRUE,FALSE,TRUE,TRUE,TRUE,TRUE,TRUE,TRUE,FALSE,FALSE,FALSE,FALSE,FALSE,FALSE,FALSE,FALSE,FALSE,FALSE,20500.00,Commercial trolley combi ovens,"9.5"" Touch control panel",Electric,892.00,925.00,1875.00,292.00,20.00,GN 1/1,67.00,380-415V 3N~ / 220-240V 3~,38.50,50 / 60 Hz,161.00
CHEFTOP MIND.Maps BIG PLUS,XEVL-2011-GPRS,https://unox.com/en_fr/ovens/cheftop-mindmaps-big-plus-xevl-2011-gprs/,TRUE,FALSE,TRUE,TRUE,TRUE,TRUE,FALSE,TRUE,TRUE,TRUE,FALSE,TRUE,TRUE,TRUE,FALSE,TRUE,TRUE,TRUE,TRUE,TRUE,TRUE,FALSE,FALSE,FALSE,FALSE,FALSE,FALSE,FALSE,FALSE,FALSE,FALSE,22400.00,Commercial trolley combi ovens,"9.5"" Touch control panel",Gas,892.00,925.00,1875.00,309.00,20.00,GN 1/1,67.00,220-240V 1N~,2.50,50 / 60 Hz,201.10
CHEFTOP MIND.Maps BIG ONE,XEVL-2011-E1RS,https://unox.com/en_fr/ovens/cheftop-mindmaps-big-one-xevl-2011-e1rs/,TRUE,FALSE,TRUE,FALSE,TRUE,FALSE,FALSE,TRUE,FALSE,TRUE,FALSE,TRUE,TRUE,TRUE,FALSE,TRUE,TRUE,FALSE,TRUE,FALSE,TRUE,FALSE,FALSE,FALSE,FALSE,FALSE,FALSE,FALSE,FALSE,FALSE,FALSE,14200.00,Commercial trolley combi ovens,"9.5"" Touch control panel",Electric,892.00,925.00,1875.00,262.00,20.00,GN 1/1,67.00,380-415V 3N~ / 220-240V 3~,35.50,50 / 60 Hz,172.40
CHEFTOP MIND.Maps BIG PLUS,XEVL-2021-YPRS,https://unox.com/en_fr/ovens/cheftop-mindmaps-big-plus-xevl-2021-yprs/,TRUE,FALSE,TRUE,TRUE,TRUE,TRUE,FALSE,TRUE,TRUE,TRUE,FALSE,TRUE,TRUE,TRUE,FALSE,TRUE,TRUE,TRUE,TRUE,TRUE,TRUE,FALSE,FALSE,FALSE,FALSE,FALSE,FALSE,FALSE,FALSE,FALSE,FALSE,26600.00,Commercial trolley combi ovens,"9.5"" Touch control panel",Electric,892.00,1164.00,1875.00,339.00,20.00,GN 2/1,67.00,380-415V 3N~,65.00,50 / 60 Hz,308.00
CHEFTOP MIND.Maps BIG PLUS,XEVL-2021-DPRS,https://unox.com/en_fr/ovens/cheftop-mindmaps-big-plus-xevl-2021-dprs/,TRUE,FALSE,TRUE,TRUE,TRUE,TRUE,FALSE,TRUE,TRUE,TRUE,FALSE,TRUE,TRUE,TRUE,FALSE,TRUE,TRUE,TRUE,TRUE,TRUE,TRUE,FALSE,FALSE,FALSE,FALSE,FALSE,FALSE,FALSE,FALSE,FALSE,FALSE,27450.00,Commercial trolley combi ovens,"9.5"" Touch control panel",Electric,892.00,1164.00,1875.00,339.00,20.00,GN 2/1,67.00,220-240V 3~,65.00,50 / 60 Hz,308.00
CHEFTOP MIND.Maps BIG PLUS,XEVL-2021-GPRS,https://unox.com/en_fr/ovens/cheftop-mindmaps-big-plus-xevl-2021-gprs/,TRUE,FALSE,TRUE,TRUE,TRUE,TRUE,FALSE,TRUE,TRUE,TRUE,FALSE,TRUE,TRUE,TRUE,FALSE,TRUE,TRUE,TRUE,TRUE,TRUE,TRUE,FALSE,FALSE,FALSE,FALSE,FALSE,FALSE,FALSE,FALSE,FALSE,FALSE,29950.00,Commercial trolley combi ovens,"9.5"" Touch control panel",Gas,892.00,1164.00,1875.00,363.00,20.00,GN 2/1,67.00,220-240V 1N~,2.60,50 / 60 Hz,384.60
CHEFTOP MIND.Maps BIG COMPACT PLUS,XECL-2013-YPRS,https://unox.com/en_fr/ovens/cheftop-mindmaps-big-compact-plus-xecl-2013-yprs/,TRUE,FALSE,TRUE,TRUE,TRUE,TRUE,FALSE,TRUE,TRUE,TRUE,FALSE,TRUE,TRUE,TRUE,FALSE,TRUE,TRUE,TRUE,TRUE,TRUE,TRUE,FALSE,FALSE,FALSE,FALSE,FALSE,FALSE,FALSE,FALSE,FALSE,FALSE,20000.00,Commercial trolley combi ovens,"9.5"" Touch control panel",Electric,650.00,1002.00,1875.00,296.00,20.00,GN 1/1,67.00,380-415V 3N~,38.50,50 / 60 Hz,161.20
CHEFTOP MIND.Maps BIG COMPACT ONE,XECL-2013-E1RS,https://unox.com/en_fr/ovens/cheftop-mindmaps-big-compact-one-xecl-2013-e1rs/,TRUE,FALSE,TRUE,FALSE,TRUE,FALSE,FALSE,TRUE,FALSE,TRUE,FALSE,TRUE,TRUE,TRUE,FALSE,TRUE,TRUE,FALSE,TRUE,FALSE,TRUE,FALSE,FALSE,FALSE,FALSE,FALSE,FALSE,FALSE,FALSE,FALSE,FALSE,14350.00,Commercial trolley combi ovens,"9.5"" Touch control panel",Electric,650.00,1002.00,1875.00,285.00,20.00,GN 1/1,67.00,380-415V 3N~ / 220-240V 3~,35.50,50 / 60 Hz,179.90
CHEFLUX MANUAL,XV1093,https://unox.com/en_fr/ovens/cheflux-manual-xv1093/,FALSE,FALSE,FALSE,FALSE,FALSE,FALSE,FALSE,FALSE,FALSE,FALSE,FALSE,FALSE,FALSE,FALSE,FALSE,FALSE,FALSE,FALSE,FALSE,FALSE,FALSE,TRUE,TRUE,TRUE,FALSE,FALSE,FALSE,FALSE,FALSE,FALSE,FALSE,10600.00,Commercial convection ovens with humidity,Knob,Electric,913.00,997.00,1863.00,240.00,20.00,GN 1/1,66.00,380-415V 3N~ / 220-240V 3~,29.70,50 / 60 Hz,
CHEFLUX MANUAL,XV4093,https://unox.com/en_fr/ovens/cheflux-manual-xv4093/,FALSE,FALSE,FALSE,FALSE,FALSE,FALSE,FALSE,FALSE,FALSE,FALSE,FALSE,FALSE,FALSE,FALSE,FALSE,FALSE,FALSE,FALSE,FALSE,FALSE,FALSE,TRUE,TRUE,TRUE,FALSE,FALSE,FALSE,FALSE,FALSE,FALSE,FALSE,14800.00,Commercial convection ovens with humidity,Knob,Electric,913.00,1237.00,1863.00,285.00,20.00,GN 2/1,66.00,380-415V 3N~,46.70,50 / 60 Hz,